image,mask,mask_exists,mask_size
e-optha/EX/EX1.jpg,NONE,False,1696x2544
e-optha/EX/EX10.jpg,NONE,False,1696x2544
e-optha/EX/EX11.jpg,NONE,False,1696x2544
e-optha/EX/EX12.jpg,NONE,False,1696x2544
e-optha/EX/EX13.jpg,NONE,False,1696x2544
e-optha/EX/EX14.jpg,NONE,False,1696x2544
e-optha/EX/EX15.jpg,NONE,False,1696x2544
e-optha/EX/EX16.jpg,NONE,False,1696x2544
e-optha/EX/EX17.jpg,NONE,False,1696x2544
e-optha/EX/EX18.jpg,NONE,False,1360x2048
e-optha/EX/EX19.jpg,NONE,False,1360x2048
e-optha/EX/EX2.jpg,NONE,False,1696x2544
e-optha/EX/EX20.jpg,NONE,False,1360x2048
e-optha/EX/EX21.jpg,NONE,False,1360x2048
e-optha/EX/EX22.jpg,NONE,False,1696x2544
e-optha/EX/EX23.jpg,NONE,False,1696x2544
e-optha/EX/EX24.jpg,NONE,False,1696x2544
e-optha/EX/EX25.jpg,NONE,False,1696x2544
e-optha/EX/EX26.jpg,NONE,False,1696x2544
e-optha/EX/EX27.jpg,NONE,False,1696x2544
e-optha/EX/EX28.jpg,NONE,False,1360x2048
e-optha/EX/EX29.jpg,NONE,False,1360x2048
e-optha/EX/EX3.jpg,NONE,False,1696x2544
e-optha/EX/EX30.jpg,NONE,False,1360x2048
e-optha/EX/EX31.jpg,NONE,False,1360x2048
e-optha/EX/EX32.jpg,NONE,False,1360x2048
e-optha/EX/EX33.jpg,NONE,False,960x1440
e-optha/EX/EX34.jpg,NONE,False,960x1440
e-optha/EX/EX35.jpg,NONE,False,960x1440
e-optha/EX/EX36.jpg,NONE,False,960x1440
e-optha/EX/EX37.jpg,NONE,False,960x1440
e-optha/EX/EX38.jpg,NONE,False,1000x1504
e-optha/EX/EX39.jpg,NONE,False,1000x1504
e-optha/EX/EX4.jpg,NONE,False,1696x2544
e-optha/EX/EX40.jpg,NONE,False,960x1440
e-optha/EX/EX41.jpg,NONE,False,960x1440
e-optha/EX/EX42.jpg,NONE,False,960x1440
e-optha/EX/EX43.jpg,NONE,False,960x1440
e-optha/EX/EX44.jpg,NONE,False,960x1440
e-optha/EX/EX45.jpg,NONE,False,960x1440
e-optha/EX/EX46.jpg,NONE,False,960x1440
e-optha/EX/EX47.jpg,NONE,False,960x1440
e-optha/EX/EX5.jpg,NONE,False,1696x2544
e-optha/EX/EX6.jpg,NONE,False,1696x2544
e-optha/EX/EX7.jpg,NONE,False,1696x2544
e-optha/EX/EX8.jpg,NONE,False,1696x2544
e-optha/EX/EX9.jpg,NONE,False,1696x2544
